fidelity_rank_corr,stability_mean_corr,stability_p10_corr,n_samples
-0.5879867275885553,0.9996075971839256,0.9991184559576655,200
